{"cameraMode":{"drawMode":0,"name":"Shaded","section":"Shading Mode"},"sceneLighting":false,"audioPlay":false,"sceneViewState":{"m_AlwaysRefresh":false,"showFog":true,"showSkybox":false,"showFlares":true,"showImageEffects":true,"showParticleSystems":true,"showVisualEffectGraphs":true,"m_FxEnabled":true},"in2DMode":false,"pivot":{"x":-0.0005581048899330199,"y":0.09866264462471008,"z":0.4004729092121124},"rotation":{"x":-0.14895011484622956,"y":0.7575438618659973,"z":-0.18563227355480195,"w":-0.6078483462333679},"size":0.21710160374641419,"orthographic":false}