{"cameraMode":{"drawMode":0,"name":"Shaded","section":"Shading Mode"},"sceneLighting":true,"audioPlay":false,"sceneViewState":{"m_AlwaysRefresh":false,"showFog":true,"showSkybox":true,"showFlares":true,"showImageEffects":true,"showParticleSystems":true,"showVisualEffectGraphs":true,"m_FxEnabled":true},"in2DMode":false,"pivot":{"x":0.0003548562526702881,"y":5.060606956481934,"z":-0.15650081634521485},"rotation":{"x":0.3996308445930481,"y":-0.027498286217451097,"z":0.011994428932666779,"w":0.9161880016326904},"size":1.4725959300994874,"orthographic":false}