{"cameraMode":{"drawMode":0,"name":"Shaded","section":"Shading Mode"},"sceneLighting":true,"audioPlay":false,"sceneViewState":{"m_AlwaysRefresh":false,"showFog":true,"showSkybox":true,"showFlares":true,"showImageEffects":true,"showParticleSystems":true,"showVisualEffectGraphs":true,"m_FxEnabled":true},"in2DMode":false,"pivot":{"x":-1.3826971054077149,"y":2.8003783226013185,"z":1.9526593685150147},"rotation":{"x":0.3014272451400757,"y":-0.38742518424987795,"z":0.13569635152816773,"w":0.8606077432632446},"size":4.008032321929932,"orthographic":false}