{"cameraMode":{"drawMode":0,"name":"Shaded","section":"Shading Mode"},"sceneLighting":true,"audioPlay":false,"sceneViewState":{"m_AlwaysRefresh":false,"showFog":true,"showSkybox":true,"showFlares":true,"showImageEffects":true,"showParticleSystems":true,"showVisualEffectGraphs":true,"m_FxEnabled":true},"in2DMode":false,"pivot":{"x":5.302058219909668,"y":1.9055309295654297,"z":0.2001955807209015},"rotation":{"x":0.22241932153701783,"y":0.39022475481033327,"z":-0.09772977232933045,"w":0.8880971074104309},"size":16.177858352661134,"orthographic":false}