{"cameraMode":{"drawMode":0,"name":"Shaded","section":"Shading Mode"},"sceneLighting":true,"audioPlay":false,"sceneViewState":{"m_AlwaysRefresh":false,"showFog":true,"showSkybox":true,"showFlares":true,"showImageEffects":true,"showParticleSystems":true,"showVisualEffectGraphs":true,"m_FxEnabled":true},"in2DMode":false,"pivot":{"x":1.748903512954712,"y":3.0119686126708986,"z":3.9450697898864748},"rotation":{"x":0.31189239025115969,"y":-0.09669079631567002,"z":0.03192472457885742,"w":0.9446536898612976},"size":3.7080323696136476,"orthographic":false}