{"cameraMode":{"drawMode":0,"name":"Shaded","section":"Shading Mode"},"sceneLighting":true,"audioPlay":false,"sceneViewState":{"m_AlwaysRefresh":false,"showFog":true,"showSkybox":true,"showFlares":true,"showImageEffects":true,"showParticleSystems":true,"showVisualEffectGraphs":true,"m_FxEnabled":true},"in2DMode":false,"pivot":{"x":2.089578628540039,"y":-5.179383277893066,"z":9.185839653015137},"rotation":{"x":-0.39567556977272036,"y":-0.006338914390653372,"z":0.0027306259144097568,"w":-0.9183713793754578},"size":10.148078918457032,"orthographic":false}