{"cameraMode":{"drawMode":0,"name":"Shaded","section":"Shading Mode"},"sceneLighting":true,"audioPlay":false,"sceneViewState":{"m_AlwaysRefresh":false,"showFog":true,"showSkybox":true,"showFlares":true,"showImageEffects":true,"showParticleSystems":true,"showVisualEffectGraphs":true,"m_FxEnabled":true},"in2DMode":false,"pivot":{"x":28.427690505981447,"y":21.358543395996095,"z":30.790489196777345},"rotation":{"x":-0.4023835361003876,"y":-0.02691013365983963,"z":0.011834569275379181,"w":-0.9149959087371826},"size":56.721927642822269,"orthographic":false}