{"cameraMode":{"drawMode":0,"name":"Shaded","section":"Shading Mode"},"sceneLighting":true,"audioPlay":false,"sceneViewState":{"m_AlwaysRefresh":false,"showFog":true,"showSkybox":true,"showFlares":true,"showImageEffects":true,"showParticleSystems":true,"showVisualEffectGraphs":true,"m_FxEnabled":true},"in2DMode":false,"pivot":{"x":2.5105080604553224,"y":2.0826454162597658,"z":8.060747146606446},"rotation":{"x":-0.3887850344181061,"y":-0.0008307239040732384,"z":0.00035078226937912405,"w":-0.9213337898254395},"size":10.148078918457032,"orthographic":false}