{"cameraMode":{"drawMode":0,"name":"Shaded","section":"Shading Mode"},"sceneLighting":true,"audioPlay":false,"sceneViewState":{"m_AlwaysRefresh":false,"showFog":true,"showSkybox":true,"showFlares":true,"showImageEffects":true,"showParticleSystems":true,"showVisualEffectGraphs":true,"m_FxEnabled":true},"in2DMode":false,"pivot":{"x":0.07621979713439942,"y":-7.025625228881836,"z":20.079069137573243},"rotation":{"x":-0.26952043175697329,"y":0.05254562571644783,"z":-0.014730016700923443,"w":-0.9614520072937012},"size":15.247907638549805,"orthographic":false}