{"cameraMode":{"drawMode":0,"name":"Shaded","section":"Shading Mode"},"sceneLighting":true,"audioPlay":false,"sceneViewState":{"m_AlwaysRefresh":false,"showFog":true,"showSkybox":true,"showFlares":true,"showImageEffects":true,"showParticleSystems":true,"showVisualEffectGraphs":true,"m_FxEnabled":true},"in2DMode":false,"pivot":{"x":0.4699997901916504,"y":4.030000686645508,"z":-7.420000076293945},"rotation":{"x":0.06918124109506607,"y":0.04636705666780472,"z":-0.0032177024986594917,"w":0.9965330958366394},"size":12.12435531616211,"orthographic":false}