{"cameraMode":{"drawMode":0,"name":"Shaded","section":"Shading Mode"},"sceneLighting":true,"audioPlay":false,"sceneViewState":{"m_AlwaysRefresh":false,"showFog":true,"showSkybox":true,"showFlares":true,"showImageEffects":true,"showParticleSystems":true,"showVisualEffectGraphs":true,"m_FxEnabled":true},"in2DMode":false,"pivot":{"x":1.6682496070861817,"y":-8.777779579162598,"z":19.066057205200197},"rotation":{"x":-0.3043800890445709,"y":0.011999957263469696,"z":-0.0038348434027284385,"w":-0.9524726271629334},"size":17.460975646972658,"orthographic":false}