{"cameraMode":{"drawMode":0,"name":"Shaded","section":"Shading Mode"},"sceneLighting":true,"audioPlay":false,"sceneViewState":{"m_AlwaysRefresh":false,"showFog":true,"showSkybox":true,"showFlares":true,"showImageEffects":true,"showParticleSystems":true,"showVisualEffectGraphs":true,"m_FxEnabled":true},"in2DMode":false,"pivot":{"x":0.31618234515190127,"y":0.9516732692718506,"z":1.8918380737304688},"rotation":{"x":0.01592390052974224,"y":0.9818974137306213,"z":-0.16229842603206635,"w":0.09633766859769821},"size":0.7137899398803711,"orthographic":false}