{"cameraMode":{"drawMode":0,"name":"Shaded","section":"Shading Mode"},"sceneLighting":true,"audioPlay":false,"sceneViewState":{"m_AlwaysRefresh":false,"showFog":true,"showSkybox":true,"showFlares":true,"showImageEffects":true,"showParticleSystems":true,"showVisualEffectGraphs":true,"m_FxEnabled":true},"in2DMode":false,"pivot":{"x":0.1602402925491333,"y":1.0885348320007325,"z":-0.3342691659927368},"rotation":{"x":-0.07477602362632752,"y":0.9214946031570435,"z":-0.22287923097610475,"w":-0.30916115641593935},"size":1.3999974727630616,"orthographic":false}