{"cameraMode":{"drawMode":0,"name":"Shaded","section":"Shading Mode"},"sceneLighting":true,"audioPlay":false,"sceneViewState":{"m_AlwaysRefresh":false,"showFog":true,"showSkybox":true,"showFlares":true,"showImageEffects":true,"showParticleSystems":true,"showVisualEffectGraphs":true,"m_FxEnabled":true},"in2DMode":false,"pivot":{"x":-0.12180101871490479,"y":0.7968320846557617,"z":0.03640776872634888},"rotation":{"x":-0.06384851038455963,"y":0.8674284815788269,"z":-0.11544367671012879,"w":-0.4797510802745819},"size":1.5613961219787598,"orthographic":false}